8.784632278110582e-07,5770.0
6.369804173257938e-07,5770.009765625
5.438627982337055e-07,5770.01953125
5.114757280255255e-07,5770.029296875
5.285874864790968e-07,5770.0390625
5.218276318943115e-07,5770.048828125
5.010135132269304e-07,5770.05859375
5.115222159194387e-07,5770.068359375
5.328573521152341e-07,5770.078125
5.100293465976296e-07,5770.087890625
5.000924822867259e-07,5770.09765625
5.144212864519882e-07,5770.107421875
5.256006978609555e-07,5770.1171875
5.072309875265247e-07,5770.126953125
5.172854609406308e-07,5770.13671875
4.967366797936749e-07,5770.146484375
5.141966555244639e-07,5770.15625
5.371076498524617e-07,5770.166015625
5.712330206835038e-07,5770.17578125
5.308944728957543e-07,5770.185546875
4.7492155750141916e-07,5770.1953125
5.073951400218302e-07,5770.205078125
5.4285112225412e-07,5770.21484375
5.337824412324373e-07,5770.224609375
5.319280495237588e-07,5770.234375
5.293704014706928e-07,5770.244140625
5.373960471040815e-07,5770.25390625
5.248014642655646e-07,5770.263671875
4.910704286444664e-07,5770.2734375
4.880177996431318e-07,5770.283203125
5.123953886535082e-07,5770.29296875
4.832729088013032e-07,5770.302734375
5.04594994870615e-07,5770.3125
5.098068500099656e-07,5770.322265625
5.058693178611158e-07,5770.33203125
5.038761663084277e-07,5770.341796875
5.193267522133836e-07,5770.3515625
5.229281075350631e-07,5770.361328125
5.512809973884436e-07,5770.37109375
5.463693967357969e-07,5770.380859375
5.116950961512446e-07,5770.390625
5.187012044933427e-07,5770.400390625
5.263082780116683e-07,5770.41015625
5.19379636771449e-07,5770.419921875
5.116228148610099e-07,5770.4296875
5.269483621507059e-07,5770.439453125
5.129873340485209e-07,5770.44921875
5.002233533829648e-07,5770.458984375
5.09310346409899e-07,5770.46875
5.156922718498448e-07,5770.478515625
4.857360944263511e-07,5770.48828125
4.995877486574177e-07,5770.498046875
5.17965939956776e-07,5770.5078125
4.985500246894725e-07,5770.517578125
5.31259827925614e-07,5770.52734375
5.545558284446366e-07,5770.537109375
4.805253021672841e-07,5770.546875
4.585299827874077e-07,5770.556640625
4.949458873384658e-07,5770.56640625
5.09031681287042e-07,5770.576171875
5.535645102637746e-07,5770.5859375
5.492190158053547e-07,5770.595703125
5.488339140400475e-07,5770.60546875
5.860502516068766e-07,5770.615234375
5.765747790567689e-07,5770.625
5.547015570297443e-07,5770.634765625
5.286704175409901e-07,5770.64453125
5.080484371575622e-07,5770.654296875
4.909369576551909e-07,5770.6640625
4.938554766568443e-07,5770.673828125
5.082232633073282e-07,5770.68359375
5.217987172443164e-07,5770.693359375
5.155100922931432e-07,5770.703125
5.526096351564146e-07,5770.712890625
5.291532675869182e-07,5770.72265625
5.369679499066703e-07,5770.732421875
5.346759497153059e-07,5770.7421875
5.003006829276852e-07,5770.751953125
4.921896031581699e-07,5770.76171875
5.059676354591496e-07,5770.771484375
5.187680641169199e-07,5770.78125
5.335805072549042e-07,5770.791015625
5.28584952758546e-07,5770.80078125
5.137738724524775e-07,5770.810546875
5.025906887467405e-07,5770.8203125
4.944667362097274e-07,5770.830078125
5.237242232945081e-07,5770.83984375
5.620803328925873e-07,5770.849609375
5.302907643480504e-07,5770.859375
4.97492334062904e-07,5770.869140625
5.013762291098858e-07,5770.87890625
5.213070516415631e-07,5770.888671875
5.214142659761484e-07,5770.8984375
5.165589576942915e-07,5770.908203125
5.379892073710995e-07,5770.91796875
5.519514196749005e-07,5770.927734375
5.163423971493747e-07,5770.9375
5.341790457608991e-07,5770.947265625
5.307084152362957e-07,5770.95703125
5.230663931537058e-07,5770.966796875
5.685156514449495e-07,5770.9765625
5.313151022034473e-07,5770.986328125
5.067781215257918e-07,5770.99609375
5.46762438770897e-07,5771.005859375
5.213656839991858e-07,5771.015625
5.381609169255017e-07,5771.025390625
5.199285579603848e-07,5771.03515625
5.089804425649394e-07,5771.044921875
4.925719769508605e-07,5771.0546875
5.298870670077368e-07,5771.064453125
5.566957122764898e-07,5771.07421875
5.306775373673351e-07,5771.083984375
5.377073959288161e-07,5771.09375
4.960787857148139e-07,5771.103515625
5.296507283209306e-07,5771.11328125
5.61019388887086e-07,5771.123046875
5.500198095470385e-07,5771.1328125
4.870819381528591e-07,5771.142578125
5.021060981831826e-07,5771.15234375
5.427543408999234e-07,5771.162109375
5.530125303099981e-07,5771.171875
5.636969332413068e-07,5771.181640625
5.380168232009189e-07,5771.19140625
5.732537031688067e-07,5771.201171875
5.331988531074956e-07,5771.2109375
5.027808136543975e-07,5771.220703125
5.573677178838352e-07,5771.23046875
5.835995225016925e-07,5771.240234375
5.203173580142762e-07,5771.25
5.271255346861452e-07,5771.259765625
5.661650282343738e-07,5771.26953125
5.541990549481982e-07,5771.279296875
5.15590837990804e-07,5771.2890625
5.211565217937075e-07,5771.298828125
5.783140475859806e-07,5771.30859375
5.721060819019035e-07,5771.318359375
5.529691373819042e-07,5771.328125
5.378991029582001e-07,5771.337890625
5.316631357639865e-07,5771.34765625
5.324650903374016e-07,5771.357421875
5.447491883330075e-07,5771.3671875
5.199058286720836e-07,5771.376953125
5.32333985813626e-07,5771.38671875
5.326628775318186e-07,5771.396484375
4.99218514401784e-07,5771.40625
5.291201682711152e-07,5771.416015625
5.362904399690762e-07,5771.42578125
5.121288982425617e-07,5771.435546875
5.49637140070413e-07,5771.4453125
5.697625121391996e-07,5771.455078125
5.29513551351836e-07,5771.46484375
5.514192994738864e-07,5771.474609375
5.524239885229122e-07,5771.484375
5.462102570303243e-07,5771.494140625
5.629417433362985e-07,5771.50390625
5.287958285235495e-07,5771.513671875
5.084009321246868e-07,5771.5234375
5.043808377868632e-07,5771.533203125
5.462835257918263e-07,5771.54296875
5.680891248264625e-07,5771.552734375
5.87092743411458e-07,5771.5625
5.483854224745699e-07,5771.572265625
5.500479575123249e-07,5771.58203125
5.256335037186487e-07,5771.591796875
5.282246065803717e-07,5771.6015625
5.357541201574659e-07,5771.611328125
5.281032449958251e-07,5771.62109375
5.359743001651216e-07,5771.630859375
5.527363603501366e-07,5771.640625
5.623802616251281e-07,5771.650390625
5.426353841577848e-07,5771.66015625
5.610307033310649e-07,5771.669921875
5.372218641788937e-07,5771.6796875
5.492131163731233e-07,5771.689453125
5.510961870892636e-07,5771.69921875
5.326148120885624e-07,5771.708984375
5.520126942376666e-07,5771.71875
5.760669567431488e-07,5771.728515625
5.748252273420911e-07,5771.73828125
5.632630083201897e-07,5771.748046875
5.61846909945047e-07,5771.7578125
5.509462732841015e-07,5771.767578125
5.547907058726584e-07,5771.77734375
5.798586224647261e-07,5771.787109375
6.072787291469573e-07,5771.796875
5.576588452136987e-07,5771.806640625
5.572742336364819e-07,5771.81640625
5.795914582505744e-07,5771.826171875
5.510802377047191e-07,5771.8359375
5.591562438409126e-07,5771.845703125
5.831824084031429e-07,5771.85546875
5.484962403642283e-07,5771.865234375
5.451514174218748e-07,5771.875
5.579214867136275e-07,5771.884765625
5.780809117720194e-07,5771.89453125
5.50610805237777e-07,5771.904296875
4.98881345379091e-07,5771.9140625
5.22021574191087e-07,5771.923828125
5.091097863445731e-07,5771.93359375
5.147007406194779e-07,5771.943359375
5.111313687787318e-07,5771.953125
5.541604168422871e-07,5771.962890625
5.304062771690084e-07,5771.97265625
4.94725980455436e-07,5771.982421875
5.602415567674453e-07,5771.9921875
5.799364996814391e-07,5772.001953125
5.681340860835503e-07,5772.01171875
5.787382575561555e-07,5772.021484375
5.880217682046351e-07,5772.03125
5.954675046339345e-07,5772.041015625
5.798862819549524e-07,5772.05078125
5.450463495408178e-07,5772.060546875
5.460088335337267e-07,5772.0703125
5.26381780416656e-07,5772.080078125
5.283544398051884e-07,5772.08984375
5.769456435176131e-07,5772.099609375
5.79959280660277e-07,5772.109375
5.726432077274028e-07,5772.119140625
5.654754711450595e-07,5772.12890625
5.607856168420585e-07,5772.138671875
5.760478167807163e-07,5772.1484375
5.950443367760331e-07,5772.158203125
5.792073945102766e-07,5772.16796875
5.812119688611421e-07,5772.177734375
6.06205175235366e-07,5772.1875
6.254951039376435e-07,5772.197265625
6.004729591298071e-07,5772.20703125
5.351024369006293e-07,5772.216796875
5.672381654365289e-07,5772.2265625
5.958058841734748e-07,5772.236328125
5.672071039914732e-07,5772.24609375
5.256251086745759e-07,5772.255859375
5.197659220382503e-07,5772.265625
5.2135842343618e-07,5772.275390625
5.207723092912641e-07,5772.28515625
5.648339454566487e-07,5772.294921875
5.761648826738183e-07,5772.3046875
5.455130137102816e-07,5772.314453125
5.836850827380663e-07,5772.32421875
5.767009729602683e-07,5772.333984375
5.860234335294313e-07,5772.34375
5.79236683053036e-07,5772.353515625
5.827384049979486e-07,5772.36328125
5.777212252232282e-07,5772.373046875
5.593151818571412e-07,5772.3828125
5.458816813726358e-07,5772.392578125
5.595417231080465e-07,5772.40234375
5.560444900560669e-07,5772.412109375
5.413207119684164e-07,5772.421875
5.370026323511531e-07,5772.431640625
5.42457506089347e-07,5772.44140625
5.519785307450751e-07,5772.451171875
5.525562109304942e-07,5772.4609375
5.472161488530596e-07,5772.470703125
5.647153242442989e-07,5772.48046875
5.623770162580956e-07,5772.490234375
5.777551754116278e-07,5772.5
6.315843726650917e-07,5772.509765625
5.963315189821631e-07,5772.51953125
5.638775324955316e-07,5772.529296875
5.63910723160972e-07,5772.5390625
5.152371161808502e-07,5772.548828125
5.686465094492566e-07,5772.55859375
5.875888977239212e-07,5772.568359375
5.541716688714781e-07,5772.578125
5.387598123737038e-07,5772.587890625
5.417591682188939e-07,5772.59765625
6.33774113423588e-07,5772.607421875
5.984306901570278e-07,5772.6171875
5.833742201349662e-07,5772.626953125
5.881808447502499e-07,5772.63671875
5.761770315750593e-07,5772.646484375
5.555446092624356e-07,5772.65625
5.559037844026185e-07,5772.666015625
5.596308376072126e-07,5772.67578125
5.447013831206833e-07,5772.685546875
5.479772834178278e-07,5772.6953125
6.014014033599707e-07,5772.705078125
5.907640435597312e-07,5772.71484375
5.693297728364431e-07,5772.724609375
5.764555048626777e-07,5772.734375
6.036491198951626e-07,5772.744140625
5.992852042422853e-07,5772.75390625
5.405833404917606e-07,5772.763671875
5.704797046226995e-07,5772.7734375
5.826743475092299e-07,5772.783203125
5.826948254533922e-07,5772.79296875
5.27720385243427e-07,5772.802734375
5.401151955783081e-07,5772.8125
5.335206801452941e-07,5772.822265625
5.55474879625905e-07,5772.83203125
5.392753468746184e-07,5772.841796875
5.237732821299729e-07,5772.8515625
5.354327403630427e-07,5772.861328125
5.723432821671814e-07,5772.87109375
5.941951503379332e-07,5772.880859375
5.775957134448558e-07,5772.890625
5.887051142947504e-07,5772.900390625
5.845089843442616e-07,5772.91015625
5.45051545102299e-07,5772.919921875
6.006552370869208e-07,5772.9296875
5.662696238868405e-07,5772.939453125
5.425863587847332e-07,5772.94921875
5.657042584888937e-07,5772.958984375
5.598737843865747e-07,5772.96875
5.426192161943606e-07,5772.978515625
5.593131617759354e-07,5772.98828125
5.770180826251821e-07,5772.998046875
5.951702149550072e-07,5773.0078125
5.944016308592022e-07,5773.017578125
5.797036330932556e-07,5773.02734375
5.899038049475327e-07,5773.037109375
6.164201735399781e-07,5773.046875
6.072712501933271e-07,5773.056640625
5.783464673078888e-07,5773.06640625
5.844607845979647e-07,5773.076171875
6.059521019034477e-07,5773.0859375
6.059263574792568e-07,5773.095703125
5.760880214833134e-07,5773.10546875
5.866451652368778e-07,5773.115234375
5.529428262969605e-07,5773.125
5.631368882631188e-07,5773.134765625
5.312067335748128e-07,5773.14453125
5.311199668138391e-07,5773.154296875
5.540983081907285e-07,5773.1640625
5.119021437018227e-07,5773.173828125
4.959050214397608e-07,5773.18359375
5.698696182257019e-07,5773.193359375
5.545537802409467e-07,5773.203125
5.569665234157433e-07,5773.212890625
5.416654520411074e-07,5773.22265625
5.837041263793026e-07,5773.232421875
5.270934968963115e-07,5773.2421875
5.61197314653382e-07,5773.251953125
5.577781583940394e-07,5773.26171875
5.915040540329366e-07,5773.271484375
5.63704761270274e-07,5773.28125
5.071585475698055e-07,5773.291015625
5.131325664266012e-07,5773.30078125
5.526385041744121e-07,5773.310546875
5.783096925933944e-07,5773.3203125
5.682527681715076e-07,5773.330078125
5.506974860749866e-07,5773.33984375
5.92295031682218e-07,5773.349609375
6.068719326064602e-07,5773.359375
5.932971798816485e-07,5773.369140625
6.138255556794836e-07,5773.37890625
5.861675232081772e-07,5773.388671875
5.213077388633753e-07,5773.3984375
5.780063978660106e-07,5773.408203125
5.343149646250739e-07,5773.41796875
5.176133647309075e-07,5773.427734375
5.401911422905118e-07,5773.4375
5.594778273089554e-07,5773.447265625
5.806329472922628e-07,5773.45703125
5.926104706566778e-07,5773.466796875
5.920218940558039e-07,5773.4765625
5.515586542793375e-07,5773.486328125
5.446161427469264e-07,5773.49609375
5.42560131737912e-07,5773.505859375
5.440916676466933e-07,5773.515625
5.350028210299447e-07,5773.525390625
5.303956031041794e-07,5773.53515625
5.565297216623603e-07,5773.544921875
5.700167023561397e-07,5773.5546875
5.734504491581378e-07,5773.564453125
5.425843977990006e-07,5773.57421875
5.361970768023361e-07,5773.583984375
5.676468308563353e-07,5773.59375
5.821247720278464e-07,5773.603515625
5.889038113156429e-07,5773.61328125
5.766828603848452e-07,5773.623046875
5.389065900625946e-07,5773.6328125
5.354709432862939e-07,5773.642578125
5.46134243241355e-07,5773.65234375
5.715392861538801e-07,5773.662109375
5.704156416930117e-07,5773.671875
5.614739575783173e-07,5773.681640625
5.516020206331892e-07,5773.69140625
5.484563313903908e-07,5773.701171875
5.376367028573329e-07,5773.7109375
5.691701731070441e-07,5773.720703125
6.183725978470557e-07,5773.73046875
5.903069454431114e-07,5773.740234375
5.716217228453797e-07,5773.75
5.477433348422764e-07,5773.759765625
5.36051857558888e-07,5773.76953125
5.465937575062067e-07,5773.779296875
5.61952754906217e-07,5773.7890625
5.602681209044587e-07,5773.798828125
5.936860841015323e-07,5773.80859375
5.773006099467549e-07,5773.818359375
5.528937074849938e-07,5773.828125
5.643324808446735e-07,5773.837890625
4.868410651737222e-07,5773.84765625
5.585564604951611e-07,5773.857421875
5.563550857778511e-07,5773.8671875
5.120718557215105e-07,5773.876953125
5.408281274991206e-07,5773.88671875
5.313374449836856e-07,5773.896484375
5.236165144568744e-07,5773.90625
5.536674980900219e-07,5773.916015625
5.190182035962765e-07,5773.92578125
4.96981324745533e-07,5773.935546875
4.965925366740876e-07,5773.9453125
5.189488619959977e-07,5773.955078125
5.661698008584804e-07,5773.96484375
5.314684862919927e-07,5773.974609375
5.279214163445496e-07,5773.984375
5.524817431037394e-07,5773.994140625
5.46763825101963e-07,5774.00390625
5.522488261943919e-07,5774.013671875
5.805834357411921e-07,5774.0234375
5.728388651837052e-07,5774.033203125
5.721301529983567e-07,5774.04296875
5.493415217885457e-07,5774.052734375
5.291729247991684e-07,5774.0625
5.116777601710352e-07,5774.072265625
5.622055374258067e-07,5774.08203125
5.543970094399788e-07,5774.091796875
5.648094639757475e-07,5774.1015625
5.975329443075822e-07,5774.111328125
5.449923188912048e-07,5774.12109375
5.337110305150376e-07,5774.130859375
5.491379841270442e-07,5774.140625
5.942432467864149e-07,5774.150390625
5.95859062893313e-07,5774.16015625
5.192427207800313e-07,5774.169921875
5.452960907486495e-07,5774.1796875
5.994278994228567e-07,5774.189453125
5.620877158184019e-07,5774.19921875
5.64498185331027e-07,5774.208984375
5.618053960377811e-07,5774.21875
5.416258816995584e-07,5774.228515625
5.571956992203511e-07,5774.23828125
5.365415094393852e-07,5774.248046875
5.399702419310914e-07,5774.2578125
5.794370129733532e-07,5774.267578125
5.621107017569978e-07,5774.27734375
5.662493378405471e-07,5774.287109375
5.338800165970752e-07,5774.296875
5.537581802750054e-07,5774.306640625
5.807587226082487e-07,5774.31640625
5.497846128496308e-07,5774.326171875
5.667222215254758e-07,5774.3359375
5.911747963204326e-07,5774.345703125
5.626253550772538e-07,5774.35546875
5.086483444325725e-07,5774.365234375
5.366657850038706e-07,5774.375
5.325050651745298e-07,5774.384765625
5.610542354785575e-07,5774.39453125
5.849029301380816e-07,5774.404296875
5.564928502961671e-07,5774.4140625
5.30075497539446e-07,5774.423828125
5.425916618166941e-07,5774.43359375
5.92575276026622e-07,5774.443359375
5.885869892154688e-07,5774.453125
5.74811935991995e-07,5774.462890625
5.665115924307766e-07,5774.47265625
5.981644680669185e-07,5774.482421875
5.894678637381494e-07,5774.4921875
5.455249200382633e-07,5774.501953125
5.430604781094993e-07,5774.51171875
5.395972790154255e-07,5774.521484375
5.397562101051177e-07,5774.53125
5.226015644897082e-07,5774.541015625
5.342878072333432e-07,5774.55078125
5.491878410571319e-07,5774.560546875
5.511959994149908e-07,5774.5703125
5.207699593847725e-07,5774.580078125
5.226987237406874e-07,5774.58984375
5.194452980813764e-07,5774.599609375
5.26137175459506e-07,5774.609375
5.61355272690605e-07,5774.619140625
5.188522386562349e-07,5774.62890625
5.583087915710368e-07,5774.638671875
5.260217791743532e-07,5774.6484375
5.186334745079191e-07,5774.658203125
5.517922554534791e-07,5774.66796875
5.153921518523328e-07,5774.677734375
4.6710529722672567e-07,5774.6875
5.160833815565112e-07,5774.697265625
5.53187658704141e-07,5774.70703125
5.521662039389626e-07,5774.716796875
5.483693870379984e-07,5774.7265625
5.727755181963315e-07,5774.736328125
5.338132160358306e-07,5774.74609375
5.200396593606989e-07,5774.755859375
4.916937184095461e-07,5774.765625
5.079043619260092e-07,5774.775390625
5.437444626249086e-07,5774.78515625
5.502681875037496e-07,5774.794921875
5.502872703357914e-07,5774.8046875
5.405663254953315e-07,5774.814453125
5.447575871428985e-07,5774.82421875
5.301240862714996e-07,5774.833984375
5.300490918779247e-07,5774.84375
5.175012384404205e-07,5774.853515625
5.047192408852561e-07,5774.86328125
5.303596519834498e-07,5774.873046875
5.123800456694198e-07,5774.8828125
5.118715985321585e-07,5774.892578125
5.161119731337205e-07,5774.90234375
5.445599757196318e-07,5774.912109375
5.526795052090387e-07,5774.921875
5.644103476741774e-07,5774.931640625
5.638852644639832e-07,5774.94140625
5.508426614808498e-07,5774.951171875
5.610847212373709e-07,5774.9609375
4.912140132048816e-07,5774.970703125
5.001022178502594e-07,5774.98046875
5.404830740544087e-07,5774.990234375
5.616525609555746e-07,5775.0
5.668574471034485e-07,5775.009765625
5.877902177751432e-07,5775.01953125
6.109106956690334e-07,5775.029296875
6.033972903541166e-07,5775.0390625
5.372927752940514e-07,5775.048828125
5.293798595440788e-07,5775.05859375
5.479069950983028e-07,5775.068359375
5.379654595084078e-07,5775.078125
5.237606442468268e-07,5775.087890625
5.464969414754506e-07,5775.09765625
5.719565917545369e-07,5775.107421875
5.473144614193976e-07,5775.1171875
5.232102110900801e-07,5775.126953125
5.656936617863415e-07,5775.13671875
5.252834262927217e-07,5775.146484375
5.279929466215807e-07,5775.15625
5.686505686713834e-07,5775.166015625
5.185882909080188e-07,5775.17578125
4.898985880799715e-07,5775.185546875
5.352917929177854e-07,5775.1953125
5.697723563988759e-07,5775.205078125
5.52969025031037e-07,5775.21484375
6.10688731740911e-07,5775.224609375
6.071800055475525e-07,5775.234375
5.582228916885275e-07,5775.244140625
5.310676642106061e-07,5775.25390625
5.311953987376831e-07,5775.263671875
5.694235447932318e-07,5775.2734375
5.492691351687147e-07,5775.283203125
5.516883686908195e-07,5775.29296875
5.909540600301836e-07,5775.302734375
5.540560667818612e-07,5775.3125
5.386942264491475e-07,5775.322265625
5.068218221096413e-07,5775.33203125
5.454954650200759e-07,5775.341796875
5.454079530896482e-07,5775.3515625
5.491815149365959e-07,5775.361328125
5.372837992372039e-07,5775.37109375
5.40867386986828e-07,5775.380859375
5.605766077265756e-07,5775.390625
5.109018415035916e-07,5775.400390625
5.110355229396292e-07,5775.41015625
5.557670281917754e-07,5775.419921875
5.672597626314638e-07,5775.4296875
5.590167951696223e-07,5775.439453125
5.261726735907667e-07,5775.44921875
5.367144738113628e-07,5775.458984375
5.62584217466336e-07,5775.46875
5.382788273729096e-07,5775.478515625
4.909301751885851e-07,5775.48828125
5.175357033742378e-07,5775.498046875
5.050933615070576e-07,5775.5078125
5.422131817688308e-07,5775.517578125
5.520486230224423e-07,5775.52734375
5.59061372803068e-07,5775.537109375
5.628860615035008e-07,5775.546875
5.226933984841818e-07,5775.556640625
5.444280831132566e-07,5775.56640625
5.040386847962779e-07,5775.576171875
5.326435912933545e-07,5775.5859375
5.378297709064769e-07,5775.595703125
5.389385119293526e-07,5775.60546875
6.035014252920956e-07,5775.615234375
5.566593953689888e-07,5775.625
5.36881587433074e-07,5775.634765625
5.543380657850354e-07,5775.64453125
5.57304105045273e-07,5775.654296875
5.23778843197245e-07,5775.6640625
5.615286297058926e-07,5775.673828125
5.699575024540191e-07,5775.68359375
5.684795259529034e-07,5775.693359375
5.327628097057926e-07,5775.703125
4.878693381647513e-07,5775.712890625
4.892442562833968e-07,5775.72265625
5.223986360445894e-07,5775.732421875
5.347873949959529e-07,5775.7421875
5.287438464820308e-07,5775.751953125
5.232564664462481e-07,5775.76171875
5.365879310009905e-07,5775.771484375
5.642645850361572e-07,5775.78125
5.380653657865305e-07,5775.791015625
5.524788869950642e-07,5775.80078125
5.156770750322583e-07,5775.810546875
5.125778454882363e-07,5775.8203125
5.124757334225486e-07,5775.830078125
5.297494653172485e-07,5775.83984375
5.594236283043985e-07,5775.849609375
5.266195460346441e-07,5775.859375
5.189079845341702e-07,5775.869140625
5.125578159874688e-07,5775.87890625
5.177230100210452e-07,5775.888671875
5.308521626960995e-07,5775.8984375
5.385157180798531e-07,5775.908203125
5.316716287867678e-07,5775.91796875
5.183494219493932e-07,5775.927734375
5.430423655956989e-07,5775.9375
5.328675468912898e-07,5775.947265625
5.116691776325772e-07,5775.95703125
5.096607203621004e-07,5775.966796875
5.618972382999906e-07,5775.9765625
5.707088789251318e-07,5775.986328125
5.62146519676405e-07,5775.99609375
5.331640458588255e-07,5776.005859375
5.002642563071822e-07,5776.015625
5.048862196387766e-07,5776.025390625
5.327576620938806e-07,5776.03515625
5.210823426664385e-07,5776.044921875
5.798426032043624e-07,5776.0546875
5.485365305368072e-07,5776.064453125
5.433814855797659e-07,5776.07421875
5.593386993693447e-07,5776.083984375
5.440333046729945e-07,5776.09375
5.247685557770409e-07,5776.103515625
6.098494114332794e-07,5776.11328125
6.166526011550298e-07,5776.123046875
5.557778659754651e-07,5776.1328125
5.208056093403155e-07,5776.142578125
5.109027031581104e-07,5776.15234375
5.249200290687004e-07,5776.162109375
5.36756155264227e-07,5776.171875
4.946534370198127e-07,5776.181640625
4.878742468373826e-07,5776.19140625
5.386066491373384e-07,5776.201171875
5.441757039659382e-07,5776.2109375
5.218787595780243e-07,5776.220703125
5.258181192042323e-07,5776.23046875
5.583600809640243e-07,5776.240234375
5.396675864278846e-07,5776.25
5.51755088407963e-07,5776.259765625
5.463337106259351e-07,5776.26953125
5.242833048620167e-07,5776.279296875
5.601292439654484e-07,5776.2890625
5.031204024116949e-07,5776.298828125
5.142795079563539e-07,5776.30859375
5.259924030310328e-07,5776.318359375
5.322789376034066e-07,5776.328125
5.660209375583011e-07,5776.337890625
5.119152327926703e-07,5776.34765625
4.916950962323407e-07,5776.357421875
5.246866919744806e-07,5776.3671875
5.096329695758005e-07,5776.376953125
5.261999114231215e-07,5776.38671875
5.118414681090392e-07,5776.396484375
5.237318669855029e-07,5776.40625
5.010800981709237e-07,5776.416015625
4.983252659418364e-07,5776.42578125
5.417158572602992e-07,5776.435546875
5.086902586190212e-07,5776.4453125
5.173300465236769e-07,5776.455078125
5.136557973592382e-07,5776.46484375
5.442046141838253e-07,5776.474609375
5.740369506073363e-07,5776.484375
5.661876060524828e-07,5776.494140625
5.333000716407562e-07,5776.50390625
5.240444850677197e-07,5776.513671875
5.211178672692953e-07,5776.5234375
5.200530223228947e-07,5776.533203125
5.00213050172395e-07,5776.54296875
4.933082121780788e-07,5776.552734375
5.352739934365308e-07,5776.5625
5.77901173417184e-07,5776.572265625
5.820208219277724e-07,5776.58203125
5.381991637451773e-07,5776.591796875
5.67418080413102e-07,5776.6015625
5.406968774145568e-07,5776.611328125
5.195340962499811e-07,5776.62109375
5.241363009403733e-07,5776.630859375
5.353049945525643e-07,5776.640625
5.613071371044405e-07,5776.650390625
5.357655965012695e-07,5776.66015625
5.25968374686343e-07,5776.669921875
5.112468912598403e-07,5776.6796875
5.401963264604579e-07,5776.689453125
5.646227703745844e-07,5776.69921875
5.679906752406544e-07,5776.708984375
5.267427590432549e-07,5776.71875
5.41729152944831e-07,5776.728515625
5.576378062377215e-07,5776.73828125
5.414453365658103e-07,5776.748046875
5.10369770195e-07,5776.7578125
5.516515596380375e-07,5776.767578125
5.419035570208611e-07,5776.77734375
5.248885670649027e-07,5776.787109375
5.366735534863045e-07,5776.796875
5.68220142937129e-07,5776.806640625
5.262906462623903e-07,5776.81640625
5.002473727928255e-07,5776.826171875
5.32506413061524e-07,5776.8359375
5.598310511887287e-07,5776.845703125
5.722112180957897e-07,5776.85546875
5.239459394045523e-07,5776.865234375
5.497164037569271e-07,5776.875
5.680671627959248e-07,5776.884765625
5.234665704340566e-07,5776.89453125
5.350585166782741e-07,5776.904296875
5.579559408321145e-07,5776.9140625
5.134563760828021e-07,5776.923828125
5.179577650434808e-07,5776.93359375
5.215085455111273e-07,5776.943359375
5.189141705138113e-07,5776.953125
5.315277165905538e-07,5776.962890625
5.286201048876096e-07,5776.97265625
4.914601351669792e-07,5776.982421875
5.019171023010869e-07,5776.9921875
5.146482757945003e-07,5777.001953125
5.544470135941464e-07,5777.01171875
5.3516934975124e-07,5777.021484375
5.096404865992211e-07,5777.03125
5.32124042401075e-07,5777.041015625
5.053955090962632e-07,5777.05078125
4.992398196146372e-07,5777.060546875
5.892791902190406e-07,5777.0703125
5.526211528642718e-07,5777.080078125
5.587492975877037e-07,5777.08984375
5.324876347402214e-07,5777.099609375
5.093022927373277e-07,5777.109375
5.0846897093583e-07,5777.119140625
5.222029701148671e-07,5777.12890625
5.184386969044553e-07,5777.138671875
5.04828516666022e-07,5777.1484375
5.337303891051005e-07,5777.158203125
5.390387605784338e-07,5777.16796875
5.013198021245866e-07,5777.177734375
4.92223671912066e-07,5777.1875
5.184791409511168e-07,5777.197265625
5.526802786995477e-07,5777.20703125
5.167806934306819e-07,5777.216796875
5.402064810221717e-07,5777.2265625
5.617047960862907e-07,5777.236328125
5.567558816771413e-07,5777.24609375
5.276555207936996e-07,5777.255859375
5.466647286709963e-07,5777.265625
5.493377499293857e-07,5777.275390625
5.395665628221581e-07,5777.28515625
5.688088072448594e-07,5777.294921875
5.468123593391133e-07,5777.3046875
5.088865001888111e-07,5777.314453125
5.226011049029117e-07,5777.32421875
5.44546344862417e-07,5777.333984375
5.411773782130941e-07,5777.34375
5.336517056656919e-07,5777.353515625
5.400616245867303e-07,5777.36328125
5.094907810497671e-07,5777.373046875
4.814407964358887e-07,5777.3828125
4.848538607378969e-07,5777.392578125
4.96055701753461e-07,5777.40234375
5.371164410145167e-07,5777.412109375
5.390066192829408e-07,5777.421875
5.115006017099737e-07,5777.431640625
5.2584366183084e-07,5777.44140625
4.946614728229024e-07,5777.451171875
4.7209460997758077e-07,5777.4609375
5.08688844779864e-07,5777.470703125
5.225465263106448e-07,5777.48046875
5.082855666481308e-07,5777.490234375
5.129931061741273e-07,5777.5
5.385314178317611e-07,5777.509765625
5.359934157065349e-07,5777.51953125
5.24597902451023e-07,5777.529296875
5.550025983798137e-07,5777.5390625
4.953804493166934e-07,5777.548828125
4.935934168774486e-07,5777.55859375
5.314997299896526e-07,5777.568359375
5.454655290047932e-07,5777.578125
5.136275391324122e-07,5777.587890625
5.039220713884262e-07,5777.59765625
5.089717236447913e-07,5777.607421875
5.299053323051275e-07,5777.6171875
5.430308615946986e-07,5777.626953125
5.246011506787387e-07,5777.63671875
5.22635051002239e-07,5777.646484375
5.32406978971707e-07,5777.65625
4.938777728075071e-07,5777.666015625
5.169160723656589e-07,5777.67578125
5.583510256281125e-07,5777.685546875
5.589798151611503e-07,5777.6953125
5.250382901898232e-07,5777.705078125
4.852835002976614e-07,5777.71484375
4.750630769629935e-07,5777.724609375
5.052798060553683e-07,5777.734375
5.068266423215e-07,5777.744140625
5.104644578380817e-07,5777.75390625
5.177545748637558e-07,5777.763671875
5.57913356315637e-07,5777.7734375
5.188466557659883e-07,5777.783203125
5.371630903247133e-07,5777.79296875
5.45699173262807e-07,5777.802734375
5.074916538865346e-07,5777.8125
5.354014870563336e-07,5777.822265625
5.075395920306529e-07,5777.83203125
4.923020569961809e-07,5777.841796875
4.901188683416851e-07,5777.8515625
5.439254799944428e-07,5777.861328125
5.404467148037938e-07,5777.87109375
5.335289011351482e-07,5777.880859375
5.313227691539022e-07,5777.890625
4.814659050051842e-07,5777.900390625
4.97200944268676e-07,5777.91015625
5.44873634007197e-07,5777.919921875
5.676341777369583e-07,5777.9296875
5.741514835942555e-07,5777.939453125
5.577312655008073e-07,5777.94921875
5.557153471662705e-07,5777.958984375
5.36701163650889e-07,5777.96875
5.390672673528774e-07,5777.978515625
5.589472705274592e-07,5777.98828125
5.063647960869017e-07,5777.998046875
5.172881015823496e-07,5778.0078125
4.989239578997596e-07,5778.017578125
4.918916317364504e-07,5778.02734375
5.117190574293894e-07,5778.037109375
4.836154551037173e-07,5778.046875
5.060957650116992e-07,5778.056640625
4.980337657517016e-07,5778.06640625
4.7334313401567605e-07,5778.076171875
5.126243823590126e-07,5778.0859375
5.111903683528742e-07,5778.095703125
5.197161432154346e-07,5778.10546875
5.141796929605197e-07,5778.115234375
5.320694042409261e-07,5778.125
5.411859715216158e-07,5778.134765625
5.129664847715846e-07,5778.14453125
5.26714883467217e-07,5778.154296875
5.24141774013952e-07,5778.1640625
5.090363191070693e-07,5778.173828125
5.28537174020053e-07,5778.18359375
5.274094688032606e-07,5778.193359375
5.188411931678008e-07,5778.203125
5.406125034025659e-07,5778.212890625
5.493894074753734e-07,5778.22265625
5.445974107807587e-07,5778.232421875
5.48009345770535e-07,5778.2421875
5.246168452668878e-07,5778.251953125
5.458419737426487e-07,5778.26171875
5.534727212610719e-07,5778.271484375
5.366727009043825e-07,5778.28125
5.338603547240613e-07,5778.291015625
5.221905069975101e-07,5778.30078125
5.043673022010948e-07,5778.310546875
4.927342178508942e-07,5778.3203125
5.10906890380762e-07,5778.330078125
5.300691522046562e-07,5778.33984375
5.508367990935061e-07,5778.349609375
5.458336505034358e-07,5778.359375
5.262221763961879e-07,5778.369140625
5.257985911585023e-07,5778.37890625
5.507195142705592e-07,5778.388671875
5.334305821126425e-07,5778.3984375
5.126171374210999e-07,5778.408203125
5.240733770601804e-07,5778.41796875
5.57125606185414e-07,5778.427734375
5.309095918802364e-07,5778.4375
5.165526930375668e-07,5778.447265625
5.079381930305496e-07,5778.45703125
5.370067349172884e-07,5778.466796875
5.399871499846657e-07,5778.4765625
5.237047750249785e-07,5778.486328125
5.240315054991566e-07,5778.49609375
5.310733412730366e-07,5778.505859375
5.455750152465645e-07,5778.515625
5.252450640087532e-07,5778.525390625
5.319119947729196e-07,5778.53515625
5.285350274410868e-07,5778.544921875
5.017045483445845e-07,5778.5546875
5.187667478217677e-07,5778.564453125
5.461182124217727e-07,5778.57421875
5.811327541070379e-07,5778.583984375
5.651440653809416e-07,5778.59375
5.628213074423273e-07,5778.603515625
5.323373382889883e-07,5778.61328125
5.065512515691097e-07,5778.623046875
4.936594670863116e-07,5778.6328125
5.667129799329291e-07,5778.642578125
5.64820029640182e-07,5778.65234375
5.539866375721134e-07,5778.662109375
5.11624829913653e-07,5778.671875
5.525278383912039e-07,5778.681640625
5.634804443751687e-07,5778.69140625
5.316516103168336e-07,5778.701171875
5.106038427816802e-07,5778.7109375
4.765985317394951e-07,5778.720703125
5.156408022556792e-07,5778.73046875
4.97513417055591e-07,5778.740234375
4.916430029380128e-07,5778.75
5.128497262523186e-07,5778.759765625
5.29451569692528e-07,5778.76953125
5.467340414900433e-07,5778.779296875
5.614506983999572e-07,5778.7890625
5.660330740810931e-07,5778.798828125
5.441029602950739e-07,5778.80859375
4.916212021361533e-07,5778.818359375
5.101137511144619e-07,5778.828125
5.360569893769017e-07,5778.837890625
5.753552357121061e-07,5778.84765625
5.211758713699996e-07,5778.857421875
5.253206495507481e-07,5778.8671875
5.078498382048553e-07,5778.876953125
5.004508415734348e-07,5778.88671875
4.861955978205887e-07,5778.896484375
4.996081299225933e-07,5778.90625
5.184882385258534e-07,5778.916015625
5.132517986850719e-07,5778.92578125
5.160018242524065e-07,5778.935546875
5.307203748278966e-07,5778.9453125
5.393633862310267e-07,5778.955078125
5.429807118160046e-07,5778.96484375
5.270593104077124e-07,5778.974609375
5.124562628626263e-07,5778.984375
5.067088724341165e-07,5778.994140625
4.989133091320306e-07,5779.00390625
5.352936540086177e-07,5779.013671875
5.207103264695822e-07,5779.0234375
5.080321725561228e-07,5779.033203125
5.566459328563627e-07,5779.04296875
5.099752774590544e-07,5779.052734375
4.969909492453249e-07,5779.0625
5.316022695706487e-07,5779.072265625
5.499912446067297e-07,5779.08203125
5.41564320174837e-07,5779.091796875
5.694778905869796e-07,5779.1015625
5.30826060248222e-07,5779.111328125
4.928757113298269e-07,5779.12109375
4.901779912450265e-07,5779.130859375
5.091041746716104e-07,5779.140625
5.1870410842824e-07,5779.150390625
4.825402586755461e-07,5779.16015625
5.222243006232106e-07,5779.169921875
5.420532821798448e-07,5779.1796875
5.747529278953905e-07,5779.189453125
5.567285880864835e-07,5779.19921875
5.662584476005849e-07,5779.208984375
5.692306419347444e-07,5779.21875
5.207017739238524e-07,5779.228515625
5.117744825193431e-07,5779.23828125
5.000425850943882e-07,5779.248046875
4.6562884777329054e-07,5779.2578125
5.37646801576547e-07,5779.267578125
5.253799160187587e-07,5779.27734375
5.058106924214629e-07,5779.287109375
5.0385463465763e-07,5779.296875
4.919977492766743e-07,5779.306640625
5.006008162673798e-07,5779.31640625
5.056675826938128e-07,5779.326171875
5.075190039178966e-07,5779.3359375
5.180659516467783e-07,5779.345703125
5.107902214736269e-07,5779.35546875
5.309041932050513e-07,5779.365234375
5.303682929906515e-07,5779.375
4.994488342563226e-07,5779.384765625
5.264640154892036e-07,5779.39453125
5.009948621551076e-07,5779.404296875
4.865493285338787e-07,5779.4140625
5.375308791862195e-07,5779.423828125
5.551996209717818e-07,5779.43359375
5.536810856933814e-07,5779.443359375
5.143813579473261e-07,5779.453125
5.231270798672813e-07,5779.462890625
5.410177338083876e-07,5779.47265625
5.149982955269741e-07,5779.482421875
5.506629771832045e-07,5779.4921875
5.466086742789083e-07,5779.501953125
5.041638251842408e-07,5779.51171875
4.719421738941781e-07,5779.521484375
5.024474628603674e-07,5779.53125
5.151337152321073e-07,5779.541015625
5.101676002288783e-07,5779.55078125
5.44526310045849e-07,5779.560546875
5.386478163808499e-07,5779.5703125
5.274498677760529e-07,5779.580078125
5.526944859490067e-07,5779.58984375
5.363590466454539e-07,5779.599609375
5.41846499672794e-07,5779.609375
5.031004447716974e-07,5779.619140625
4.991156243710785e-07,5779.62890625
5.429609470795238e-07,5779.638671875
5.733108123222781e-07,5779.6484375
5.441131430822549e-07,5779.658203125
5.299084507388303e-07,5779.66796875
5.571528254530163e-07,5779.677734375
5.337922255191574e-07,5779.6875
5.171988439011154e-07,5779.697265625
5.577448504401371e-07,5779.70703125
5.600851360586059e-07,5779.716796875
5.682433258044032e-07,5779.7265625
5.79629978021054e-07,5779.736328125
5.274476733963511e-07,5779.74609375
5.304645433489466e-07,5779.755859375
5.185586908001367e-07,5779.765625
5.259058374310562e-07,5779.775390625
5.472800470511493e-07,5779.78515625
5.129591684995822e-07,5779.794921875
5.313120140701489e-07,5779.8046875
5.21861158654244e-07,5779.814453125
5.170273086795124e-07,5779.82421875
5.247743285843472e-07,5779.833984375
5.377009583966123e-07,5779.84375
5.388486574910948e-07,5779.853515625
5.268876331552189e-07,5779.86328125
5.469315917304294e-07,5779.873046875
5.874189972321164e-07,5779.8828125
5.77215728928542e-07,5779.892578125
5.320719715780289e-07,5779.90234375
5.380652535301297e-07,5779.912109375
5.532481683884689e-07,5779.921875
5.294230541692481e-07,5779.931640625
5.894380470641721e-07,5779.94140625
6.534556829139275e-07,5779.951171875
6.92129810900204e-07,5779.9609375
1.101966012352443e-06,5779.970703125
4.512648721879299e-06,5779.98046875
36.11723625022433,5779.990234375
144.2567716429586,5780.0
36.116958981557424,5780.009765625
4.386753002488323e-06,5780.01953125
1.19514557888209e-06,5780.029296875
7.394740934957061e-07,5780.0390625
6.514819332850865e-07,5780.048828125
5.533864588138839e-07,5780.05859375
5.367069440838455e-07,5780.068359375
5.691119969410109e-07,5780.078125
5.794597509861782e-07,5780.087890625
5.772113054650007e-07,5780.09765625
5.706883249144832e-07,5780.107421875
5.55604576578884e-07,5780.1171875
5.065211451352524e-07,5780.126953125
4.957025205218761e-07,5780.13671875
5.345845702111476e-07,5780.146484375
5.45532479775263e-07,5780.15625
5.59727518380922e-07,5780.166015625
5.375376359845577e-07,5780.17578125
5.466344892447247e-07,5780.185546875
5.663888227726628e-07,5780.1953125
4.929715251898696e-07,5780.205078125
4.970953031314825e-07,5780.21484375
5.234404162966417e-07,5780.224609375
5.356989434906106e-07,5780.234375
5.339357054993394e-07,5780.244140625
5.229796071009461e-07,5780.25390625
5.206604462949699e-07,5780.263671875
4.96133138802593e-07,5780.2734375
4.871452033209823e-07,5780.283203125
4.953526711781871e-07,5780.29296875
4.823494470148145e-07,5780.302734375
5.241203684876793e-07,5780.3125
4.868248497990342e-07,5780.322265625
4.846073572316511e-07,5780.33203125
5.330694525120135e-07,5780.341796875
5.465470898113696e-07,5780.3515625
5.260166372692002e-07,5780.361328125
5.097709603331756e-07,5780.37109375
5.142455441919849e-07,5780.380859375
4.961682487627942e-07,5780.390625
5.178070435197378e-07,5780.400390625
5.720179175193996e-07,5780.41015625
5.223734768292981e-07,5780.419921875
5.163789949615148e-07,5780.4296875
5.556801171440751e-07,5780.439453125
5.724214901452973e-07,5780.44921875
5.219939606613171e-07,5780.458984375
4.912284396892746e-07,5780.46875
4.918149765767903e-07,5780.478515625
5.204419104715056e-07,5780.48828125
5.61067125145779e-07,5780.498046875
5.048791881913177e-07,5780.5078125
5.074775346591902e-07,5780.517578125
5.70135273645722e-07,5780.52734375
5.2541536815707e-07,5780.537109375
4.6305097004295016e-07,5780.546875
4.906058348374351e-07,5780.556640625
5.292946947854618e-07,5780.56640625
5.647593023244797e-07,5780.576171875
5.276441672388702e-07,5780.5859375
5.215351257667814e-07,5780.595703125
5.045610004556396e-07,5780.60546875
5.486236466451286e-07,5780.615234375
5.177466819993306e-07,5780.625
5.300564519565938e-07,5780.634765625
5.654480777128834e-07,5780.64453125
5.420524677546937e-07,5780.654296875
5.518557057518281e-07,5780.6640625
5.464766660397862e-07,5780.673828125
5.114869878732342e-07,5780.68359375
5.214475059191666e-07,5780.693359375
5.333512196805926e-07,5780.703125
5.29155715974042e-07,5780.712890625
5.29060865789613e-07,5780.72265625
5.791100270783634e-07,5780.732421875
5.319122596149113e-07,5780.7421875
5.387491466676417e-07,5780.751953125
5.290599007181951e-07,5780.76171875
5.109024330368685e-07,5780.771484375
5.186909721897232e-07,5780.78125
4.973927232051963e-07,5780.791015625
5.100238010468489e-07,5780.80078125
5.23934196654634e-07,5780.810546875
5.58137022357518e-07,5780.8203125
5.549727628708906e-07,5780.830078125
5.469443912591462e-07,5780.83984375
5.580612654578639e-07,5780.849609375
5.273403372939384e-07,5780.859375
5.134845384681898e-07,5780.869140625
5.155073623254702e-07,5780.87890625
5.215896154981485e-07,5780.888671875
5.134090764809524e-07,5780.8984375
5.408999369371571e-07,5780.908203125
5.603000646837623e-07,5780.91796875
5.42029276772925e-07,5780.927734375
5.73365014573832e-07,5780.9375
5.259269128024881e-07,5780.947265625
5.351872270861661e-07,5780.95703125
5.277806071006579e-07,5780.966796875
5.692562416532325e-07,5780.9765625
5.660451743783736e-07,5780.986328125
5.037600178708095e-07,5780.99609375
4.848450333651191e-07,5781.005859375
4.7034679736981723e-07,5781.015625
4.920694238333246e-07,5781.025390625
5.307330665541531e-07,5781.03515625
5.165528867151813e-07,5781.044921875
5.345246737566131e-07,5781.0546875
5.331958355982519e-07,5781.064453125
5.273611077224737e-07,5781.07421875
5.089211746672872e-07,5781.083984375
5.036499864638377e-07,5781.09375
4.932158645840078e-07,5781.103515625
4.936103480419801e-07,5781.11328125
5.137348537874323e-07,5781.123046875
5.345318883447296e-07,5781.1328125
4.949896637162563e-07,5781.142578125
4.798802616303371e-07,5781.15234375
4.793092814149144e-07,5781.162109375
5.11668016893754e-07,5781.171875
5.15696181907921e-07,5781.181640625
5.404634182021592e-07,5781.19140625
5.601430511090596e-07,5781.201171875
5.198804932174338e-07,5781.2109375
5.388773682763538e-07,5781.220703125
5.739951221562026e-07,5781.23046875
5.630884196364969e-07,5781.240234375
5.489101308190858e-07,5781.25
5.305277008713452e-07,5781.259765625
4.984733894682661e-07,5781.26953125
5.124866762201056e-07,5781.279296875
5.1688382071987e-07,5781.2890625
5.076681007836188e-07,5781.298828125
5.129671462103953e-07,5781.30859375
4.990551988913858e-07,5781.318359375
4.98132487212382e-07,5781.328125
5.219253822525231e-07,5781.337890625
5.66994835115963e-07,5781.34765625
5.685909669844396e-07,5781.357421875
5.342552564164124e-07,5781.3671875
5.279027664964592e-07,5781.376953125
5.151042575014371e-07,5781.38671875
5.256616150989097e-07,5781.396484375
5.655860159543874e-07,5781.40625
5.753053725666824e-07,5781.416015625
5.282243264323718e-07,5781.42578125
4.827159309751036e-07,5781.435546875
5.274415429073069e-07,5781.4453125
5.409605434316374e-07,5781.455078125
5.281744800011643e-07,5781.46484375
5.283877318729567e-07,5781.474609375
5.323625925272468e-07,5781.484375
5.226313981923267e-07,5781.494140625
5.141157682498337e-07,5781.50390625
5.444712671533204e-07,5781.513671875
5.607038748365147e-07,5781.5234375
5.133249527059696e-07,5781.533203125
5.301487308838259e-07,5781.54296875
5.401255458203337e-07,5781.552734375
5.304359721940673e-07,5781.5625
5.138006603508925e-07,5781.572265625
4.984834508063156e-07,5781.58203125
5.189684967707639e-07,5781.591796875
4.991095223707978e-07,5781.6015625
4.963928020493144e-07,5781.611328125
4.954748873344679e-07,5781.62109375
4.857363383795245e-07,5781.630859375
5.365031442458701e-07,5781.640625
5.124503198482475e-07,5781.650390625
5.000815771906766e-07,5781.66015625
5.382601322604831e-07,5781.669921875
5.283069287779802e-07,5781.6796875
5.444482384507645e-07,5781.689453125
5.290890105393661e-07,5781.69921875
5.477621403438917e-07,5781.708984375
5.45121306281013e-07,5781.71875
5.041755123986454e-07,5781.728515625
5.374027896142145e-07,5781.73828125
5.399437868348349e-07,5781.748046875
5.070111127587702e-07,5781.7578125
5.195054571946242e-07,5781.767578125
5.405606320661134e-07,5781.77734375
5.012689540853568e-07,5781.787109375
4.945138963923351e-07,5781.796875
5.290132507620687e-07,5781.806640625
5.116553568540864e-07,5781.81640625
5.223539938153518e-07,5781.826171875
5.276910263265561e-07,5781.8359375
4.966622346951368e-07,5781.845703125
5.201256161144045e-07,5781.85546875
5.794041881507197e-07,5781.865234375
5.435009316076788e-07,5781.875
5.298919285132818e-07,5781.884765625
5.307360170197406e-07,5781.89453125
5.127767462508677e-07,5781.904296875
4.949877799662048e-07,5781.9140625
5.406903548740678e-07,5781.923828125
5.488549335727951e-07,5781.93359375
5.213483235789978e-07,5781.943359375
4.936521223978856e-07,5781.953125
5.134446089232272e-07,5781.962890625
5.339547280815086e-07,5781.97265625
5.099520122412296e-07,5781.982421875
5.088984456991275e-07,5781.9921875
5.386681194009965e-07,5782.001953125
5.226092718686421e-07,5782.01171875
5.387254084405149e-07,5782.021484375
5.050551988590666e-07,5782.03125
5.409095130090659e-07,5782.041015625
5.332965851373564e-07,5782.05078125
5.317809172602355e-07,5782.060546875
5.579020696692777e-07,5782.0703125
5.447047664183502e-07,5782.080078125
5.383531465331974e-07,5782.08984375
5.255882970109878e-07,5782.099609375
5.310363472565053e-07,5782.109375
5.287618694797798e-07,5782.119140625
5.497155980344299e-07,5782.12890625
5.176637315034275e-07,5782.138671875
4.861588072763741e-07,5782.1484375
5.036558271703707e-07,5782.158203125
5.108013938298529e-07,5782.16796875
5.369941496081688e-07,5782.177734375
5.504364737460865e-07,5782.1875
5.503299114398947e-07,5782.197265625
5.447155047281246e-07,5782.20703125
5.138149153960266e-07,5782.216796875
5.238635809941514e-07,5782.2265625
5.075962987707439e-07,5782.236328125
5.505719916221038e-07,5782.24609375
5.195868522014807e-07,5782.255859375
4.927187817307216e-07,5782.265625
5.115653265299128e-07,5782.275390625
5.06765557959953e-07,5782.28515625
5.272467430626062e-07,5782.294921875
5.455349586678068e-07,5782.3046875
5.104788132370651e-07,5782.314453125
5.129248716509191e-07,5782.32421875
5.55808679152488e-07,5782.333984375
5.568903222538384e-07,5782.34375
5.296416582214297e-07,5782.353515625
5.036469134415898e-07,5782.36328125
5.212019676875899e-07,5782.373046875
5.198685453239423e-07,5782.3828125
5.530813327752449e-07,5782.392578125
5.226839172995084e-07,5782.40234375
4.906213461309611e-07,5782.412109375
5.432288306955706e-07,5782.421875
5.031215116444564e-07,5782.431640625
4.832548101101018e-07,5782.44140625
5.077198795152726e-07,5782.451171875
5.314532964721975e-07,5782.4609375
5.081150419841015e-07,5782.470703125
5.265745042661461e-07,5782.48046875
5.524789980177895e-07,5782.490234375
5.138079062918731e-07,5782.5
4.989972423127185e-07,5782.509765625
5.305344485268118e-07,5782.51953125
5.377854308736217e-07,5782.529296875
5.467578009555726e-07,5782.5390625
5.133299080115144e-07,5782.548828125
5.160795428631972e-07,5782.55859375
4.894312229505488e-07,5782.568359375
5.125186459725236e-07,5782.578125
5.287942908743556e-07,5782.587890625
4.666829601462624e-07,5782.59765625
4.82322457704895e-07,5782.607421875
5.419156766143535e-07,5782.6171875
5.543807242648889e-07,5782.626953125
5.533018611794211e-07,5782.63671875
5.758880141219737e-07,5782.646484375
5.640909226638941e-07,5782.65625
5.216027201022064e-07,5782.666015625
5.339414969997457e-07,5782.67578125
5.457931471172286e-07,5782.685546875
5.404150338658467e-07,5782.6953125
5.518640992133234e-07,5782.705078125
5.457464716204078e-07,5782.71484375
5.394848559601416e-07,5782.724609375
5.174131570279765e-07,5782.734375
5.448661105725412e-07,5782.744140625
5.302247822368469e-07,5782.75390625
5.322204365988965e-07,5782.763671875
5.489760040057062e-07,5782.7734375
5.514621333119503e-07,5782.783203125
5.059372397579563e-07,5782.79296875
5.169778652868012e-07,5782.802734375
5.513630906147879e-07,5782.8125
5.068172246556443e-07,5782.822265625
5.063665689218352e-07,5782.83203125
5.268112279191817e-07,5782.841796875
5.155444343947746e-07,5782.8515625
5.358053256836299e-07,5782.861328125
5.155458225186308e-07,5782.87109375
5.149565884325132e-07,5782.880859375
5.26302031667951e-07,5782.890625
5.245210291003271e-07,5782.900390625
5.296914643880724e-07,5782.91015625
5.316170601947892e-07,5782.919921875
5.44791661582267e-07,5782.9296875
5.277314083419892e-07,5782.939453125
5.308641865895798e-07,5782.94921875
5.07837564480505e-07,5782.958984375
4.949033463004302e-07,5782.96875
5.236653055694426e-07,5782.978515625
5.256563159796563e-07,5782.98828125
5.518128892651045e-07,5782.998046875
5.226650268082585e-07,5783.0078125
5.10677576980897e-07,5783.017578125
5.755188562884503e-07,5783.02734375
5.886245459851964e-07,5783.037109375
5.562497197365441e-07,5783.046875
5.773164171982263e-07,5783.056640625
5.533706729083335e-07,5783.06640625
5.065650174774957e-07,5783.076171875
5.284773397844545e-07,5783.0859375
5.61755721833175e-07,5783.095703125
5.63389333951992e-07,5783.10546875
5.527544075463735e-07,5783.115234375
5.413626254419473e-07,5783.125
5.48494781851812e-07,5783.134765625
5.529069305887786e-07,5783.14453125
5.541089719379966e-07,5783.154296875
5.117511492546801e-07,5783.1640625
4.893282404951439e-07,5783.173828125
5.237537736199777e-07,5783.18359375
5.58163329116302e-07,5783.193359375
5.403081931757116e-07,5783.203125
5.262302000902282e-07,5783.212890625
5.245141016835869e-07,5783.22265625
5.566066339522264e-07,5783.232421875
5.565705086998391e-07,5783.2421875
5.267915864756578e-07,5783.251953125
5.652726183733143e-07,5783.26171875
4.973892645501202e-07,5783.271484375
5.202613207107042e-07,5783.28125
5.456744013269427e-07,5783.291015625
5.656527647279049e-07,5783.30078125
5.316071731611662e-07,5783.310546875
5.486166885365277e-07,5783.3203125
5.194733992448516e-07,5783.330078125
5.421739142742747e-07,5783.33984375
5.204250534635511e-07,5783.349609375
5.575621413536993e-07,5783.359375
5.642793043761343e-07,5783.369140625
5.498526867663386e-07,5783.37890625
5.144442838790428e-07,5783.388671875
5.129212825736593e-07,5783.3984375
5.194496940937649e-07,5783.408203125
5.304574912062543e-07,5783.41796875
4.945162034207368e-07,5783.427734375
5.05777138424829e-07,5783.4375
5.306366860262822e-07,5783.447265625
5.519672894711673e-07,5783.45703125
5.441853494899692e-07,5783.466796875
4.6532491296893795e-07,5783.4765625
4.731372707615278e-07,5783.486328125
5.267272710090968e-07,5783.49609375
5.659153600203262e-07,5783.505859375
5.914748073290689e-07,5783.515625
5.470271946784791e-07,5783.525390625
5.719526648468582e-07,5783.53515625
5.355949735701283e-07,5783.544921875
5.581229676002928e-07,5783.5546875
5.145204670432792e-07,5783.564453125
5.311109504387977e-07,5783.57421875
5.335140869752121e-07,5783.583984375
5.205798889624472e-07,5783.59375
4.825376885201666e-07,5783.603515625
5.055824679070366e-07,5783.61328125
5.340301825090286e-07,5783.623046875
5.019978961710462e-07,5783.6328125
5.425172662834535e-07,5783.642578125
5.353120482089006e-07,5783.65234375
5.800824695498803e-07,5783.662109375
5.431953563998778e-07,5783.671875
5.48069066833299e-07,5783.681640625
5.252997694297075e-07,5783.69140625
5.572061645252596e-07,5783.701171875
5.957103633011673e-07,5783.7109375
5.73013231283937e-07,5783.720703125
5.284791431849396e-07,5783.73046875
5.243976092712555e-07,5783.740234375
5.205989377843033e-07,5783.75
5.303309797516427e-07,5783.759765625
5.189006832517525e-07,5783.76953125
5.070118724968148e-07,5783.779296875
5.2606057274272e-07,5783.7890625
5.495334202294413e-07,5783.798828125
5.455567981587026e-07,5783.80859375
4.903023403223356e-07,5783.818359375
5.277417775359341e-07,5783.828125
5.223962465135949e-07,5783.837890625
5.239480503474768e-07,5783.84765625
5.1126793891897e-07,5783.857421875
5.573996054626295e-07,5783.8671875
5.815705983332563e-07,5783.876953125
5.632463772449849e-07,5783.88671875
5.585748416641751e-07,5783.896484375
5.501160117737392e-07,5783.90625
5.975978518571371e-07,5783.916015625
5.627052933730312e-07,5783.92578125
5.425605943830357e-07,5783.935546875
5.544727282143779e-07,5783.9453125
5.211055526431653e-07,5783.955078125
5.418724978884982e-07,5783.96484375
5.435078602241978e-07,5783.974609375
5.507196124470877e-07,5783.984375
5.300085136260591e-07,5783.994140625
5.217871865429247e-07,5784.00390625
5.563459405282958e-07,5784.013671875
5.509607951487494e-07,5784.0234375
5.41603314056475e-07,5784.033203125
5.69076290272807e-07,5784.04296875
5.519014512423264e-07,5784.052734375
5.464508668043168e-07,5784.0625
5.210896415646131e-07,5784.072265625
5.249310796748724e-07,5784.08203125
5.748058174317591e-07,5784.091796875
5.66437090373828e-07,5784.1015625
5.52077555418289e-07,5784.111328125
5.523264839217005e-07,5784.12109375
5.487598895828965e-07,5784.130859375
5.353756692918144e-07,5784.140625
5.386716935487285e-07,5784.150390625
5.112744589870837e-07,5784.16015625
5.04456601397812e-07,5784.169921875
5.064915751366202e-07,5784.1796875
5.104228875074528e-07,5784.189453125
5.642428389644763e-07,5784.19921875
5.341994608310395e-07,5784.208984375
5.509603389780197e-07,5784.21875
5.512689533273899e-07,5784.228515625
5.047617078535323e-07,5784.23828125
5.141786542471665e-07,5784.248046875
5.446516449000027e-07,5784.2578125
5.310325788211315e-07,5784.267578125
5.291389017332804e-07,5784.27734375
5.477847699859424e-07,5784.287109375
5.158958418021586e-07,5784.296875
5.346929287234709e-07,5784.306640625
5.57347532992126e-07,5784.31640625
5.657222172381461e-07,5784.326171875
5.450986022874273e-07,5784.3359375
5.415177974127434e-07,5784.345703125
5.570136916137973e-07,5784.35546875
5.350879097913652e-07,5784.365234375
5.146961493043443e-07,5784.375
5.204901033820652e-07,5784.384765625
5.213510142637074e-07,5784.39453125
5.472348788101732e-07,5784.404296875
5.391310536391212e-07,5784.4140625
5.083150302858685e-07,5784.423828125
5.065520130015734e-07,5784.43359375
4.7325567545055183e-07,5784.443359375
4.830489994321655e-07,5784.453125
5.166873433915637e-07,5784.462890625
5.139474076031108e-07,5784.47265625
5.307587562308932e-07,5784.482421875
5.317623976804901e-07,5784.4921875
5.455709719482919e-07,5784.501953125
5.318650976555958e-07,5784.51171875
5.199190702400994e-07,5784.521484375
5.096334573535503e-07,5784.53125
5.432091177405335e-07,5784.541015625
5.141953016345739e-07,5784.55078125
5.276181906403123e-07,5784.560546875
5.926575932059395e-07,5784.5703125
5.41163795287726e-07,5784.580078125
5.160812738963954e-07,5784.58984375
5.348383662811769e-07,5784.599609375
5.669833182250845e-07,5784.609375
5.461520040753075e-07,5784.619140625
5.529278328245693e-07,5784.62890625
5.928237080192934e-07,5784.638671875
5.255303750360298e-07,5784.6484375
5.158132974647932e-07,5784.658203125
5.299124595643602e-07,5784.66796875
5.524089066533579e-07,5784.677734375
5.480705808456611e-07,5784.6875
5.463652549269452e-07,5784.697265625
5.508273224123634e-07,5784.70703125
5.459495019695272e-07,5784.716796875
5.614784423361204e-07,5784.7265625
5.463068357623301e-07,5784.736328125
5.423436859894269e-07,5784.74609375
5.207320484009789e-07,5784.755859375
5.066595483175232e-07,5784.765625
5.117727601693552e-07,5784.775390625
5.231615068410003e-07,5784.78515625
5.435953227140882e-07,5784.794921875
5.417986566436769e-07,5784.8046875
5.368686612923471e-07,5784.814453125
5.230847629605873e-07,5784.82421875
5.34775333507719e-07,5784.833984375
5.270805607361387e-07,5784.84375
5.696009304058891e-07,5784.853515625
5.511679501996864e-07,5784.86328125
5.335018023566621e-07,5784.873046875
5.293629051265754e-07,5784.8828125
5.425812532892794e-07,5784.892578125
5.736179394980175e-07,5784.90234375
5.8994528777171e-07,5784.912109375
6.008990885370725e-07,5784.921875
5.772788978957549e-07,5784.931640625
5.562652787787852e-07,5784.94140625
5.828379114796493e-07,5784.951171875
5.292558312797129e-07,5784.9609375
5.382899981416914e-07,5784.970703125
5.602575069776598e-07,5784.98046875
5.611213087970942e-07,5784.990234375
5.793037279151135e-07,5785.0
5.398699211826806e-07,5785.009765625
5.458100448424395e-07,5785.01953125
5.108588377616887e-07,5785.029296875
4.982107328475913e-07,5785.0390625
5.289763729788352e-07,5785.048828125
5.735576647903863e-07,5785.05859375
5.870463212281752e-07,5785.068359375
5.906104014778343e-07,5785.078125
5.418963715678943e-07,5785.087890625
5.386347745473908e-07,5785.09765625
5.587717236493452e-07,5785.107421875
5.597837489976161e-07,5785.1171875
5.373063852262062e-07,5785.126953125
5.044592651475468e-07,5785.13671875
5.16930982855852e-07,5785.146484375
5.213441327628656e-07,5785.15625
5.503048267044733e-07,5785.166015625
5.301413821033452e-07,5785.17578125
5.405555593987618e-07,5785.185546875
5.792208990876746e-07,5785.1953125
5.966799202681925e-07,5785.205078125
5.368423193743422e-07,5785.21484375
5.366398632664626e-07,5785.224609375
5.449362857564292e-07,5785.234375
5.257179428411212e-07,5785.244140625
5.40801575178524e-07,5785.25390625
5.44825192166242e-07,5785.263671875
5.642008997494109e-07,5785.2734375
5.235362723794586e-07,5785.283203125
5.008613636010311e-07,5785.29296875
5.766337238331639e-07,5785.302734375
5.617063391309468e-07,5785.3125
5.163846314563909e-07,5785.322265625
5.209639070288004e-07,5785.33203125
5.301852058114779e-07,5785.341796875
5.536999309676311e-07,5785.3515625
5.535279612319827e-07,5785.361328125
5.444679806701934e-07,5785.37109375
6.123550841115185e-07,5785.380859375
5.995322019803814e-07,5785.390625
5.386176938961258e-07,5785.400390625
5.254943700445822e-07,5785.41015625
5.515390195744416e-07,5785.419921875
5.125043095800192e-07,5785.4296875
5.630227389088749e-07,5785.439453125
5.318318864028626e-07,5785.44921875
5.167551821120942e-07,5785.458984375
5.520853183859315e-07,5785.46875
5.330311080467339e-07,5785.478515625
5.445621159925276e-07,5785.48828125
5.328775741573622e-07,5785.498046875
5.351748634686437e-07,5785.5078125
5.872595146804427e-07,5785.517578125
5.946863824139025e-07,5785.52734375
5.781505180197133e-07,5785.537109375
6.087260955159088e-07,5785.546875
5.458492083677491e-07,5785.556640625
5.302978609474337e-07,5785.56640625
5.430434279144822e-07,5785.576171875
5.434354047556369e-07,5785.5859375
5.329772768347358e-07,5785.595703125
5.574716635401923e-07,5785.60546875
5.50690561594734e-07,5785.615234375
5.720846295915881e-07,5785.625
5.536964754623233e-07,5785.634765625
5.087166053408104e-07,5785.64453125
5.630040125294548e-07,5785.654296875
5.745834843922368e-07,5785.6640625
5.414223271922636e-07,5785.673828125
5.670516444391563e-07,5785.68359375
5.400504338704877e-07,5785.693359375
5.228501143930417e-07,5785.703125
5.963890862183279e-07,5785.712890625
5.72711703651428e-07,5785.72265625
6.042578153920102e-07,5785.732421875
6.045317310598072e-07,5785.7421875
5.571589748796873e-07,5785.751953125
5.566658139211795e-07,5785.76171875
5.558820334971895e-07,5785.771484375
5.7459791373946e-07,5785.78125
5.501123688002047e-07,5785.791015625
5.487309571236246e-07,5785.80078125
5.47728376080634e-07,5785.810546875
5.656942911305765e-07,5785.8203125
5.860000909383391e-07,5785.830078125
5.893489199517126e-07,5785.83984375
5.498501393872984e-07,5785.849609375
5.54055907885209e-07,5785.859375
5.279347353199404e-07,5785.869140625
5.205005273761196e-07,5785.87890625
5.64770962989755e-07,5785.888671875
5.602163009500972e-07,5785.8984375
5.470179574300851e-07,5785.908203125
5.291588367273628e-07,5785.91796875
5.284465677127017e-07,5785.927734375
5.480057284327075e-07,5785.9375
5.812765686532955e-07,5785.947265625
5.657688370865922e-07,5785.95703125
5.285787236498594e-07,5785.966796875
5.543285936909395e-07,5785.9765625
5.545014929991644e-07,5785.986328125
5.271876673727124e-07,5785.99609375
5.314443855333728e-07,5786.005859375
5.298310882757345e-07,5786.015625
5.649368192267143e-07,5786.025390625
5.630731020833368e-07,5786.03515625
5.982662572400255e-07,5786.044921875
5.631684413333907e-07,5786.0546875
5.121910477021129e-07,5786.064453125
5.251461599747891e-07,5786.07421875
5.567244038415407e-07,5786.083984375
5.518610857420742e-07,5786.09375
5.755709593462822e-07,5786.103515625
5.578445795004064e-07,5786.11328125
5.653045981649468e-07,5786.123046875
5.504721124295409e-07,5786.1328125
5.723927667616342e-07,5786.142578125
5.55225201938235e-07,5786.15234375
5.730310823693672e-07,5786.162109375
5.53057414654962e-07,5786.171875
5.932999488929964e-07,5786.181640625
6.238583305112249e-07,5786.19140625
6.171163350395645e-07,5786.201171875
5.573212471503098e-07,5786.2109375
5.935581656405911e-07,5786.220703125
6.079244499499292e-07,5786.23046875
5.930631539383734e-07,5786.240234375
5.932455494161736e-07,5786.25
5.781466860556093e-07,5786.259765625
5.736691434616644e-07,5786.26953125
5.725345883986182e-07,5786.279296875
5.946868581757015e-07,5786.2890625
5.430463400306488e-07,5786.298828125
5.398398989861616e-07,5786.30859375
5.297747399065728e-07,5786.318359375
5.374424851694656e-07,5786.328125
5.737714414459255e-07,5786.337890625
5.460828112824553e-07,5786.34765625
5.215575461709533e-07,5786.357421875
5.732075445795862e-07,5786.3671875
5.698717171042446e-07,5786.376953125
5.78095125633894e-07,5786.38671875
5.97430099315461e-07,5786.396484375
6.021786936582013e-07,5786.40625
5.73339604948918e-07,5786.416015625
5.319463526485169e-07,5786.42578125
5.645046240385415e-07,5786.435546875
5.813521710823048e-07,5786.4453125
5.651543329880075e-07,5786.455078125
5.41388865760887e-07,5786.46484375
5.278602872486422e-07,5786.474609375
5.882631493637698e-07,5786.484375
5.766987512528661e-07,5786.494140625
5.868297350879141e-07,5786.50390625
5.841978628385636e-07,5786.513671875
5.657519064521249e-07,5786.5234375
5.808682545579035e-07,5786.533203125
5.495701479049553e-07,5786.54296875
5.355192864240094e-07,5786.552734375
5.522855734787202e-07,5786.5625
5.2391657155634e-07,5786.572265625
5.43950761594163e-07,5786.58203125
5.846648080548896e-07,5786.591796875
6.319132896830428e-07,5786.6015625
6.178257636207594e-07,5786.611328125
6.195952688450689e-07,5786.62109375
5.857907112029538e-07,5786.630859375
5.809996480143758e-07,5786.640625
5.949287062807491e-07,5786.650390625
5.823149280800325e-07,5786.66015625
5.470619130058797e-07,5786.669921875
5.323862553824978e-07,5786.6796875
5.595922809828593e-07,5786.689453125
5.61207937534082e-07,5786.69921875
5.393672487409637e-07,5786.708984375
5.033243633170769e-07,5786.71875
5.513134543495563e-07,5786.728515625
5.71687427531445e-07,5786.73828125
5.471056883133047e-07,5786.748046875
5.407974300742224e-07,5786.7578125
5.719803300286996e-07,5786.767578125
5.951533720528906e-07,5786.77734375
5.767612101925022e-07,5786.787109375
5.554749228003266e-07,5786.796875
5.487901084912848e-07,5786.806640625
5.349938880261289e-07,5786.81640625
5.496613714132353e-07,5786.826171875
5.663686134717706e-07,5786.8359375
5.637478429704744e-07,5786.845703125
5.600196259016353e-07,5786.85546875
5.864414322398577e-07,5786.865234375
5.869294078819603e-07,5786.875
5.510642287382852e-07,5786.884765625
5.447157008262894e-07,5786.89453125
5.447869154409475e-07,5786.904296875
5.786190279953593e-07,5786.9140625
5.923099660494037e-07,5786.923828125
5.653650498045612e-07,5786.93359375
5.792599681403668e-07,5786.943359375
5.513116699117105e-07,5786.953125
5.611177576265998e-07,5786.962890625
5.501777918143565e-07,5786.97265625
5.621646482396541e-07,5786.982421875
5.62849583279143e-07,5786.9921875
5.252146836980535e-07,5787.001953125
5.404111003114296e-07,5787.01171875
5.634188650543102e-07,5787.021484375
5.615188737661309e-07,5787.03125
5.528778822606953e-07,5787.041015625
5.355135378692835e-07,5787.05078125
5.451032422398995e-07,5787.060546875
5.552986759356818e-07,5787.0703125
5.561608263232653e-07,5787.080078125
5.786733147922206e-07,5787.08984375
5.687962497181858e-07,5787.099609375
5.45315150496483e-07,5787.109375
5.614791143577888e-07,5787.119140625
5.759349918742683e-07,5787.12890625
5.510176019663456e-07,5787.138671875
5.505976489684751e-07,5787.1484375
5.899866318836906e-07,5787.158203125
5.828150790435659e-07,5787.16796875
5.802257938167043e-07,5787.177734375
5.586675203782274e-07,5787.1875
5.314040149791757e-07,5787.197265625
5.494661943936822e-07,5787.20703125
5.54588584555428e-07,5787.216796875
5.695735818602629e-07,5787.2265625
5.756303894430651e-07,5787.236328125
5.813223890212263e-07,5787.24609375
6.02605283866402e-07,5787.255859375
5.484763893826162e-07,5787.265625
5.755339962075337e-07,5787.275390625
5.74452506647505e-07,5787.28515625
5.872042955513387e-07,5787.294921875
5.743286576029225e-07,5787.3046875
5.445819050254045e-07,5787.314453125
5.26305481746937e-07,5787.32421875
5.55006050527206e-07,5787.333984375
5.534610731751626e-07,5787.34375
5.597873070030771e-07,5787.353515625
5.956743998121182e-07,5787.36328125
5.8209327194721e-07,5787.373046875
5.917813457734987e-07,5787.3828125
5.986420194734403e-07,5787.392578125
5.466538602290664e-07,5787.40234375
5.471029534667663e-07,5787.412109375
6.082337243679253e-07,5787.421875
5.816360481884962e-07,5787.431640625
5.706934518597707e-07,5787.44140625
5.824482935847591e-07,5787.451171875
5.426962411158325e-07,5787.4609375
5.308261508974043e-07,5787.470703125
5.285324205458499e-07,5787.48046875
5.277213419306167e-07,5787.490234375
5.641411152740714e-07,5787.5
6.118229167668216e-07,5787.509765625
6.151646473264412e-07,5787.51953125
5.809796499223026e-07,5787.529296875
5.708965018729479e-07,5787.5390625
5.621066755922948e-07,5787.548828125
5.44044851305589e-07,5787.55859375
5.355635491190862e-07,5787.568359375
5.328209131953042e-07,5787.578125
5.470061746517805e-07,5787.587890625
5.637028825001397e-07,5787.59765625
5.818828345276117e-07,5787.607421875
5.462842293562985e-07,5787.6171875
5.481905503906429e-07,5787.626953125
5.776122633384803e-07,5787.63671875
5.921190437604254e-07,5787.646484375
6.001298953520349e-07,5787.65625
5.931648349617724e-07,5787.666015625
5.797618009467073e-07,5787.67578125
5.380348427463308e-07,5787.685546875
5.446482136885761e-07,5787.6953125
5.866155007939414e-07,5787.705078125
5.658636082037266e-07,5787.71484375
5.611525781544242e-07,5787.724609375
5.555845552033359e-07,5787.734375
5.669726247109024e-07,5787.744140625
5.915683255496282e-07,5787.75390625
6.057048225973776e-07,5787.763671875
5.498583429017065e-07,5787.7734375
5.353026487182748e-07,5787.783203125
5.616522770679272e-07,5787.79296875
5.843076616335351e-07,5787.802734375
5.951973399126665e-07,5787.8125
5.943646007605799e-07,5787.822265625
5.890554624390286e-07,5787.83203125
5.497605083811951e-07,5787.841796875
5.79569235307864e-07,5787.8515625
6.069275717203316e-07,5787.861328125
5.581237527006067e-07,5787.87109375
5.588527858474624e-07,5787.880859375
5.895780871028877e-07,5787.890625
6.159599921619646e-07,5787.900390625
5.942946874353577e-07,5787.91015625
5.206453734736135e-07,5787.919921875
5.494968950233201e-07,5787.9296875
5.875913257347112e-07,5787.939453125
5.37721168553037e-07,5787.94921875
5.290944406302699e-07,5787.958984375
5.473340957324705e-07,5787.96875
5.655140940661281e-07,5787.978515625
5.929056933428516e-07,5787.98828125
5.598950888380312e-07,5787.998046875
5.942222788416237e-07,5788.0078125
6.020873446166628e-07,5788.017578125
5.72370525990874e-07,5788.02734375
5.997943196503743e-07,5788.037109375
5.877609418353827e-07,5788.046875
5.605742839798431e-07,5788.056640625
5.778642709998446e-07,5788.06640625
5.304859236245084e-07,5788.076171875
5.499304605124421e-07,5788.0859375
5.485284484360938e-07,5788.095703125
5.287752890595645e-07,5788.10546875
5.537075217574728e-07,5788.115234375
5.486159297995159e-07,5788.125
5.844253880551e-07,5788.134765625
5.466427227041468e-07,5788.14453125
5.377063350572544e-07,5788.154296875
5.591615324959899e-07,5788.1640625
5.56864943515304e-07,5788.173828125
5.245047967556234e-07,5788.18359375
5.61957314559863e-07,5788.193359375
5.887596766054729e-07,5788.203125
5.98735797081502e-07,5788.212890625
5.528256543410461e-07,5788.22265625
5.303511832609295e-07,5788.232421875
5.745756602943588e-07,5788.2421875
5.774761158037199e-07,5788.251953125
5.798277169070903e-07,5788.26171875
5.46722607080212e-07,5788.271484375
5.51074949710769e-07,5788.28125
5.459322287458958e-07,5788.291015625
5.587507936613305e-07,5788.30078125
5.277245916915189e-07,5788.310546875
5.570077641504942e-07,5788.3203125
5.854237510767488e-07,5788.330078125
5.594694279508476e-07,5788.33984375
5.498907991026156e-07,5788.349609375
5.461457426168608e-07,5788.359375
5.37162379639865e-07,5788.369140625
5.553396077266016e-07,5788.37890625
5.358833679655115e-07,5788.388671875
5.208031201124729e-07,5788.3984375
5.511900953894686e-07,5788.408203125
5.703962024187503e-07,5788.41796875
5.675956415565658e-07,5788.427734375
5.831328123240516e-07,5788.4375
5.446082888178361e-07,5788.447265625
5.40482617963516e-07,5788.45703125
5.466469157796536e-07,5788.466796875
5.431604731716792e-07,5788.4765625
5.418266718715214e-07,5788.486328125
5.5681571784624e-07,5788.49609375
5.758225717075195e-07,5788.505859375
5.586204630658137e-07,5788.515625
5.648607655895938e-07,5788.525390625
5.761278244152621e-07,5788.53515625
6.083851510569034e-07,5788.544921875
5.63237415727425e-07,5788.5546875
5.206513874068568e-07,5788.564453125
5.306180024392905e-07,5788.57421875
5.713766149241421e-07,5788.583984375
5.416471196072779e-07,5788.59375
5.051253146597901e-07,5788.603515625
5.204338445555102e-07,5788.61328125
5.354905478068148e-07,5788.623046875
5.488616574130176e-07,5788.6328125
5.517798069011635e-07,5788.642578125
5.347985563672437e-07,5788.65234375
5.427990682039749e-07,5788.662109375
5.259904575819954e-07,5788.671875
5.261369211930752e-07,5788.681640625
5.238286576888065e-07,5788.69140625
5.485378150976088e-07,5788.701171875
5.723895606611391e-07,5788.7109375
5.331119308970491e-07,5788.720703125
5.297405120665306e-07,5788.73046875
5.266124820542917e-07,5788.740234375
5.471509332299726e-07,5788.75
5.36622233761271e-07,5788.759765625
5.425655997267612e-07,5788.76953125
5.063134935371897e-07,5788.779296875
5.140785554405796e-07,5788.7890625
5.388565331451089e-07,5788.798828125
5.597052445017244e-07,5788.80859375
5.251125449282692e-07,5788.818359375
5.493359978678587e-07,5788.828125
5.715070706735511e-07,5788.837890625
5.363278888441572e-07,5788.84765625
5.46360820701295e-07,5788.857421875
5.411917022812687e-07,5788.8671875
5.250137082925274e-07,5788.876953125
5.377733525478169e-07,5788.88671875
5.060028649578237e-07,5788.896484375
5.210290191286836e-07,5788.90625
5.208624206000269e-07,5788.916015625
5.247079413945209e-07,5788.92578125
5.048705649505869e-07,5788.935546875
5.111059485668358e-07,5788.9453125
5.107229890904226e-07,5788.955078125
5.078064738011841e-07,5788.96484375
5.429755750650261e-07,5788.974609375
5.207810162904972e-07,5788.984375
5.268284395170516e-07,5788.994140625
4.937824806537533e-07,5789.00390625
5.271809915813005e-07,5789.013671875
5.270571716945831e-07,5789.0234375
5.347575293295321e-07,5789.033203125
4.925399114354544e-07,5789.04296875
5.183415943316231e-07,5789.052734375
5.220862526870772e-07,5789.0625
4.999375371361103e-07,5789.072265625
5.022971442305488e-07,5789.08203125
5.376496404341622e-07,5789.091796875
5.17383049200691e-07,5789.1015625
5.224451969613873e-07,5789.111328125
5.398364071623754e-07,5789.12109375
5.238188921874646e-07,5789.130859375
4.915843894337101e-07,5789.140625
5.151273571897396e-07,5789.150390625
4.895311781915459e-07,5789.16015625
4.954577927055342e-07,5789.169921875
5.02498973497395e-07,5789.1796875
5.01378042950927e-07,5789.189453125
5.036800319339858e-07,5789.19921875
5.318145791378551e-07,5789.208984375
5.139941128666541e-07,5789.21875
5.129030516673968e-07,5789.228515625
5.257899219472414e-07,5789.23828125
5.438548215804712e-07,5789.248046875
5.401312955027284e-07,5789.2578125
5.591587308622683e-07,5789.267578125
5.690228314763712e-07,5789.27734375
5.449465149568635e-07,5789.287109375
5.352401505738262e-07,5789.296875
5.3702165778431e-07,5789.306640625
5.304067018442955e-07,5789.31640625
5.413215646697839e-07,5789.326171875
5.07121854586517e-07,5789.3359375
5.166854622258946e-07,5789.345703125
5.429351176305094e-07,5789.35546875
5.376404995009881e-07,5789.365234375
5.36999110970031e-07,5789.375
5.437072647827529e-07,5789.384765625
5.105481817319635e-07,5789.39453125
5.210291576210957e-07,5789.404296875
5.863475588289429e-07,5789.4140625
5.507261447902628e-07,5789.423828125
4.906849107060676e-07,5789.43359375
4.61883353286629e-07,5789.443359375
5.020412622944761e-07,5789.453125
5.370176079002746e-07,5789.462890625
5.187612411079338e-07,5789.47265625
5.156129323962008e-07,5789.482421875
5.071859909248341e-07,5789.4921875
4.831108132108696e-07,5789.501953125
5.050127339185772e-07,5789.51171875
5.285518983268645e-07,5789.521484375
5.04480376993385e-07,5789.53125
5.296895733025384e-07,5789.541015625
5.371242555082472e-07,5789.55078125
5.399064321368325e-07,5789.560546875
5.462262798788572e-07,5789.5703125
5.579998618776596e-07,5789.580078125
5.23255969127517e-07,5789.58984375
5.172604882760744e-07,5789.599609375
4.7218866878628124e-07,5789.609375
5.129746258740803e-07,5789.619140625
5.3496001938721e-07,5789.62890625
5.218445978953046e-07,5789.638671875
5.143587899173376e-07,5789.6484375
5.028737512121347e-07,5789.658203125
5.374554276301393e-07,5789.66796875
5.478185845497834e-07,5789.677734375
5.242623722041004e-07,5789.6875
5.090859937776258e-07,5789.697265625
5.263144325676347e-07,5789.70703125
5.257774943776605e-07,5789.716796875
5.329673098906258e-07,5789.7265625
5.701977018924768e-07,5789.736328125
5.865873956282258e-07,5789.74609375
5.305662515832094e-07,5789.755859375
5.085421635360974e-07,5789.765625
5.741205822948814e-07,5789.775390625
5.544816127113561e-07,5789.78515625
5.366171878995334e-07,5789.794921875
5.316743197599874e-07,5789.8046875
5.445225731294573e-07,5789.814453125
5.275237729893046e-07,5789.82421875
5.107847062376309e-07,5789.833984375
4.840644592169965e-07,5789.84375
4.946953997999149e-07,5789.853515625
4.982526470539032e-07,5789.86328125
5.668719951771176e-07,5789.873046875
5.299085683094508e-07,5789.8828125
5.288573703677401e-07,5789.892578125
5.344636547701825e-07,5789.90234375
5.24878127160214e-07,5789.912109375
5.689035633807621e-07,5789.921875
5.470173157024728e-07,5789.931640625
5.483296727624346e-07,5789.94140625
5.273061756189477e-07,5789.951171875
4.944594204202775e-07,5789.9609375
5.044786535612777e-07,5789.970703125
5.224237954564745e-07,5789.98046875
6.164247763579981e-07,5789.990234375
